training_loss,train_loss_ce,train_loss_bbox,train_loss_giou,train_cardinality_error,epoch,step,validation/loss,validation_loss_ce,validation_loss_bbox,validation_loss_giou,validation_cardinality_error
7.817707061767578,2.3421177864074707,0.5030190944671631,1.4802470207214355,58.0,0,4,,,,,
6.12758731842041,2.2375309467315674,0.2901621460914612,1.2196227312088013,66.25,0,9,,,,,
5.8822526931762695,2.136434555053711,0.27625107765197754,1.1822813749313354,52.875,0,14,,,,,
5.291919231414795,2.0392510890960693,0.2392072081565857,1.0283160209655762,69.625,0,19,,,,,
4.89911413192749,1.8503388166427612,0.2144412249326706,0.9882845282554626,50.625,0,24,,,,,
4.748243808746338,1.868564486503601,0.19968904554843903,0.940617024898529,53.375,0,29,,,,,
4.793252944946289,1.8397459983825684,0.22235839068889618,0.9208575487136841,57.75,0,34,,,,,
4.387300968170166,1.8304177522659302,0.16212432086467743,0.8731308579444885,61.375,0,39,,,,,
4.173945426940918,1.8424216508865356,0.17172391712665558,0.7364521026611328,60.75,0,44,,,,,
4.125236988067627,1.6956912279129028,0.1700451672077179,0.7896600365638733,48.25,0,49,,,,,
,,,,,0,52,4.071957111358643,1.7516757249832153,0.1593289077281952,0.7618181705474854,60.28215789794922
4.325143337249756,1.8822076320648193,0.17017816007137299,0.7960224151611328,56.625,1,54,,,,,
4.06069278717041,1.7586346864700317,0.14188705384731293,0.7963114976882935,60.75,1,59,,,,,
3.7500855922698975,1.686065912246704,0.12842746078968048,0.7109411954879761,66.125,1,64,,,,,
4.009632110595703,1.6761950254440308,0.15036189556121826,0.7908138036727905,51.25,1,69,,,,,
3.981391191482544,1.7289936542510986,0.15900595486164093,0.7286838293075562,68.75,1,74,,,,,
3.8823976516723633,1.7386335134506226,0.1561833769083023,0.6814236640930176,54.125,1,79,,,,,
3.848396062850952,1.7555514574050903,0.13008703291416168,0.7212047576904297,55.625,1,84,,,,,
3.4870612621307373,1.751633644104004,0.10572931915521622,0.6033905744552612,60.75,1,89,,,,,
3.563528537750244,1.706506371498108,0.10849636048078537,0.6572702527046204,62.125,1,94,,,,,
3.9130866527557373,1.7688790559768677,0.1498490273952484,0.6974812746047974,52.375,1,99,,,,,
4.207960605621338,1.7071164846420288,0.17534410953521729,0.8120618462562561,57.5,1,104,,,,,
,,,,,1,105,3.7365806102752686,1.683318853378296,0.1342484951019287,0.6910097599029541,54.510372161865234
3.7071948051452637,1.7325419187545776,0.11625517159700394,0.6966885328292847,52.625,2,109,,,,,
3.4999938011169434,1.7513233423233032,0.10330983251333237,0.6160606741905212,64.5,2,114,,,,,
4.355947017669678,1.7866194248199463,0.19491420686244965,0.7973783016204834,54.375,2,119,,,,,
4.111604690551758,1.7425415515899658,0.15596306324005127,0.7946239709854126,45.25,2,124,,,,,
3.992997169494629,1.7570565938949585,0.14455869793891907,0.7565736174583435,46.0,2,129,,,,,
3.814152240753174,1.7005271911621094,0.13958948850631714,0.707838773727417,47.875,2,134,,,,,
3.8653321266174316,1.6318968534469604,0.1450006514787674,0.7542158961296082,49.25,2,139,,,,,
3.582144260406494,1.5790671110153198,0.11619023978710175,0.7110628485679626,41.375,2,144,,,,,
3.889822006225586,1.6169441938400269,0.13589251041412354,0.7967076301574707,31.125,2,149,,,,,
3.998533010482788,1.744547724723816,0.14158788323402405,0.7730230093002319,41.125,2,154,,,,,
,,,,,2,158,3.6415793895721436,1.6300034523010254,0.12918667495250702,0.6828214526176453,49.71161651611328
3.483260154724121,1.7013424634933472,0.09689050167798996,0.6487324833869934,54.0,3,159,,,,,
3.5921459197998047,1.665698766708374,0.12251782417297363,0.656929075717926,51.75,3,164,,,,,
3.6638054847717285,1.6384468078613281,0.12989351153373718,0.6879456043243408,50.625,3,169,,,,,
3.866053342819214,1.7494101524353027,0.12804700434207916,0.7382041215896606,40.0,3,174,,,,,
3.59090256690979,1.6385685205459595,0.12993541359901428,0.651328444480896,64.5,3,179,,,,,
3.7832207679748535,1.664419174194336,0.13506963849067688,0.7217265963554382,43.75,3,184,,,,,
3.615164041519165,1.5120666027069092,0.13350483775138855,0.7177866697311401,39.75,3,189,,,,,
4.038781642913818,1.733465313911438,0.15347698330879211,0.7689656615257263,54.25,3,194,,,,,
3.350522041320801,1.5813117027282715,0.10861033946275711,0.613079309463501,55.625,3,199,,,,,
3.270935297012329,1.5883086919784546,0.0908442959189415,0.614202618598938,50.0,3,204,,,,,
3.7970705032348633,1.5121359825134277,0.14057579636573792,0.7910277843475342,36.5,3,209,,,,,
,,,,,3,211,3.423389196395874,1.531578779220581,0.12075956165790558,0.6440064311027527,43.22199249267578
3.3711657524108887,1.539544701576233,0.10789458453655243,0.646074116230011,47.875,4,214,,,,,
2.8005011081695557,1.4244859218597412,0.07454637438058853,0.5016416311264038,49.0,4,219,,,,,
3.599954605102539,1.6059787273406982,0.13580010831356049,0.6574876308441162,38.75,4,224,,,,,
3.40328311920166,1.5078802108764648,0.10755705088376999,0.6788087487220764,36.625,4,229,,,,,
3.1955246925354004,1.4999638795852661,0.10136724263429642,0.594362199306488,41.875,4,234,,,,,
3.8037993907928467,1.507737398147583,0.15299586951732635,0.7655413150787354,43.5,4,239,,,,,
2.966771125793457,1.4515461921691895,0.08164063841104507,0.5535109043121338,53.5,4,244,,,,,
3.249195098876953,1.4459125995635986,0.10200273245573044,0.6466343998908997,44.625,4,249,,,,,
3.1244959831237793,1.3677170276641846,0.10278894007205963,0.6214171051979065,38.875,4,254,,,,,
3.8355398178100586,1.755350947380066,0.15058204531669617,0.6636393666267395,48.625,4,259,,,,,
3.201941728591919,1.5068634748458862,0.0978982150554657,0.6027935743331909,47.75,4,264,,,,,
,,,,,4,264,3.394378900527954,1.489116907119751,0.12321902811527252,0.644582986831665,46.25726318359375
3.546893835067749,1.5529654026031494,0.12972263991832733,0.6726576089859009,53.0,5,269,,,,,
3.1551272869110107,1.5658499002456665,0.08990494161844254,0.5698763132095337,58.0,5,274,,,,,
2.9953713417053223,1.53073251247406,0.07681060582399368,0.5402929782867432,41.0,5,279,,,,,
4.258565902709961,1.6566561460494995,0.19393746554851532,0.8161112070083618,30.375,5,284,,,,,
3.42661714553833,1.4866269826889038,0.11730660498142242,0.6767285466194153,40.375,5,289,,,,,
3.510082721710205,1.4019886255264282,0.12990780174732208,0.7292776107788086,33.0,5,294,,,,,
3.5904603004455566,1.4783188104629517,0.13910123705863953,0.7083175778388977,37.375,5,299,,,,,
3.269886016845703,1.49606454372406,0.10267972201108932,0.6302114725112915,36.75,5,304,,,,,
3.649836301803589,1.4647107124328613,0.13217869400978088,0.7621160745620728,32.0,5,309,,,,,
3.724818706512451,1.5851035118103027,0.12459231168031693,0.7583768963813782,39.375,5,314,,,,,
,,,,,5,317,3.3089144229888916,1.4412039518356323,0.11682753264904022,0.6417866945266724,46.75726318359375
3.302920341491699,1.4287023544311523,0.10861781984567642,0.6655644178390503,42.125,6,319,,,,,
3.333505153656006,1.4378612041473389,0.11299945414066315,0.6653233170509338,35.75,6,324,,,,,
2.969219207763672,1.3712211847305298,0.08193543553352356,0.5941603779792786,34.625,6,329,,,,,
3.255943775177002,1.5012729167938232,0.10340724885463715,0.6188173890113831,43.0,6,334,,,,,
2.9299449920654297,1.3479477167129517,0.09403800219297409,0.5559036731719971,47.625,6,339,,,,,
3.9358901977539062,1.6825658082962036,0.16402997076511383,0.7165873646736145,53.625,6,344,,,,,
3.2338953018188477,1.483559012413025,0.10643607378005981,0.6090779304504395,56.25,6,349,,,,,
3.5023956298828125,1.6426299810409546,0.11437403410673141,0.6439477801322937,48.625,6,354,,,,,
3.5179638862609863,1.465745449066162,0.1278899759054184,0.7063842415809631,41.875,6,359,,,,,
3.731311798095703,1.6172441244125366,0.12631942331790924,0.7412351965904236,45.125,6,364,,,,,
2.966442346572876,1.367383360862732,0.10468437522649765,0.5378185510635376,49.875,6,369,,,,,
,,,,,6,370,3.276846170425415,1.4269468784332275,0.11848697066307068,0.6287323236465454,43.087135314941406
3.288581371307373,1.5637962818145752,0.0968976691365242,0.6201484799385071,47.5,7,374,,,,,
3.3097493648529053,1.4533030986785889,0.11118368804454803,0.6502639055252075,32.25,7,379,,,,,
3.150969982147217,1.4128707647323608,0.10717621445655823,0.6011090278625488,41.625,7,384,,,,,
3.3405425548553467,1.4339377880096436,0.12041182816028595,0.6522728204727173,41.875,7,389,,,,,
3.9285964965820312,1.490659236907959,0.16097576916217804,0.8165292143821716,21.25,7,394,,,,,
3.421908378601074,1.4662764072418213,0.11703328043222427,0.6852328181266785,32.125,7,399,,,,,
3.103302478790283,1.4965351819992065,0.0952964723110199,0.5651423931121826,41.25,7,404,,,,,
3.460728645324707,1.5584461688995361,0.10757182538509369,0.6822115778923035,44.375,7,409,,,,,
2.8512115478515625,1.5588680505752563,0.0750880315899849,0.45845165848731995,52.75,7,414,,,,,
3.5339269638061523,1.3667964935302734,0.14690211415290833,0.7163100838661194,37.25,7,419,,,,,
,,,,,7,423,3.2260866165161133,1.3787866830825806,0.11597642302513123,0.633708655834198,42.30497741699219
2.954050064086914,1.365946888923645,0.0899573490023613,0.5691582560539246,45.5,8,424,,,,,
3.439162254333496,1.6144580841064453,0.1214209794998169,0.6087996363639832,59.5,8,429,,,,,
3.2738940715789795,1.4884763956069946,0.10636204481124878,0.6268037557601929,46.0,8,434,,,,,
3.2341670989990234,1.4191920757293701,0.11211470514535904,0.6272007822990417,48.875,8,439,,,,,
3.0410356521606445,1.4589507579803467,0.0885852798819542,0.5695793032646179,44.625,8,444,,,,,
3.035231113433838,1.4320719242095947,0.10278187692165375,0.5446248650550842,44.25,8,449,,,,,
3.1190974712371826,1.3661096096038818,0.1047157272696495,0.6147046089172363,43.625,8,454,,,,,
1.7338643074035645,1.407717227935791,0.022317985072731972,0.10727857798337936,278.625,8,459,,,,,
3.218982696533203,1.2942500114440918,0.12196515500545502,0.6574534177780151,40.625,8,464,,,,,
3.394113540649414,1.315060019493103,0.13309402763843536,0.7067917585372925,32.625,8,469,,,,,
3.094797134399414,1.2367397546768188,0.11322484165430069,0.6459665894508362,39.875,8,474,,,,,
,,,,,8,476,3.1808016300201416,1.3812241554260254,0.1117255911231041,0.6204748153686523,48.983402252197266
3.118274211883545,1.316745638847351,0.10360413789749146,0.6417538523674011,42.5,9,479,,,,,
2.5665318965911865,1.2283248901367188,0.07031223177909851,0.49332287907600403,53.25,9,484,,,,,
2.8787789344787598,1.3033708333969116,0.09023074060678482,0.5621271729469299,43.625,9,489,,,,,
3.0623531341552734,1.3777867555618286,0.1083201989531517,0.5714826583862305,43.625,9,494,,,,,
2.948422908782959,1.262006402015686,0.0968267172574997,0.6011413931846619,36.625,9,499,,,,,
3.2710371017456055,1.2998404502868652,0.13336186110973358,0.6521936655044556,37.875,9,504,,,,,
3.602426052093506,1.483153223991394,0.13647353649139404,0.718452513217926,33.375,9,509,,,,,
2.919954538345337,1.3058524131774902,0.08906074613332748,0.5843992233276367,49.25,9,514,,,,,
2.8406856060028076,1.3276339769363403,0.0833737775683403,0.5480913519859314,41.5,9,519,,,,,
3.0577101707458496,1.3516602516174316,0.10553988069295883,0.589175283908844,37.5,9,524,,,,,
3.396894931793213,1.3583287000656128,0.12371677160263062,0.7099912166595459,31.25,9,529,,,,,
,,,,,9,529,3.126007318496704,1.3323508501052856,0.11251754313707352,0.6155344247817993,40.27800750732422
2.6810622215270996,1.3192073106765747,0.06945302337408066,0.5072948932647705,38.125,10,534,,,,,
2.927701473236084,1.3206720352172852,0.095790795981884,0.5640377402305603,37.125,10,539,,,,,
3.213740110397339,1.291246771812439,0.1222900003194809,0.6555216312408447,27.0,10,544,,,,,
1.6750057935714722,1.2528654336929321,0.028484662994742393,0.13985854387283325,265.125,10,549,,,,,
3.092376708984375,1.3886997699737549,0.10014931857585907,0.601465106010437,45.625,10,554,,,,,
3.4184651374816895,1.2780379056930542,0.13757719099521637,0.7262706756591797,28.75,10,559,,,,,
3.030606269836426,1.4026968479156494,0.08798890560865402,0.593982458114624,48.25,10,564,,,,,
3.0891449451446533,1.3776488304138184,0.10881856828927994,0.5837016105651855,46.25,10,569,,,,,
3.0223522186279297,1.4049272537231445,0.0905902162194252,0.5822369456291199,49.375,10,574,,,,,
2.9757015705108643,1.3559974431991577,0.10152105987071991,0.5560494065284729,54.125,10,579,,,,,
,,,,,10,582,3.0995500087738037,1.323075294494629,0.11411646753549576,0.6029462814331055,43.29045486450195
3.1881027221679688,1.3081601858139038,0.12313400954008102,0.6321361660957336,36.125,11,584,,,,,
3.7079806327819824,1.6081093549728394,0.1261337250471115,0.7346011996269226,34.25,11,589,,,,,
2.7281956672668457,1.2700583934783936,0.08174003660678864,0.5247185230255127,42.5,11,594,,,,,
3.4685983657836914,1.4564298391342163,0.12678726017475128,0.6891161203384399,45.0,11,599,,,,,
3.10313081741333,1.3604148626327515,0.10869103670120239,0.5996303558349609,49.0,11,604,,,,,
3.288944721221924,1.374452829360962,0.11941496282815933,0.6587086319923401,41.25,11,609,,,,,
2.959421396255493,1.1647698879241943,0.11129532754421234,0.6190874576568604,45.125,11,614,,,,,
3.1175479888916016,1.5068868398666382,0.09018062800168991,0.5798789262771606,40.375,11,619,,,,,
3.271784782409668,1.3420764207839966,0.11960410326719284,0.6658440232276917,33.5,11,624,,,,,
2.697261333465576,1.2383232116699219,0.07682482153177261,0.5374070405960083,40.875,11,629,,,,,
3.397059917449951,1.4530175924301147,0.12331687659025192,0.6637288928031921,42.0,11,634,,,,,
,,,,,11,635,3.0763943195343018,1.307894229888916,0.10885490477085114,0.6121126413345337,39.29875564575195
3.0643081665039062,1.3941084146499634,0.09914921969175339,0.5872268676757812,42.375,12,639,,,,,
3.5110936164855957,1.255786418914795,0.1488586664199829,0.7555069923400879,20.25,12,644,,,,,
2.9126667976379395,1.3553245067596436,0.08644619584083557,0.5625556111335754,39.875,12,649,,,,,
3.036222457885742,1.3467999696731567,0.10375586897134781,0.5853216052055359,41.0,12,654,,,,,
3.5630593299865723,1.4626128673553467,0.1397356241941452,0.7008840441703796,34.0,12,659,,,,,
3.253206729888916,1.2686303853988647,0.1208411455154419,0.6901852488517761,41.25,12,664,,,,,
2.870405673980713,1.3282054662704468,0.08834238350391388,0.550244152545929,38.0,12,669,,,,,
3.2578747272491455,1.309765338897705,0.12316440790891647,0.6661436557769775,44.75,12,674,,,,,
3.2272250652313232,1.2599769830703735,0.13204340636730194,0.6535155177116394,45.875,12,679,,,,,
2.519214391708374,1.3486000299453735,0.0738205760717392,0.40075576305389404,62.0,12,684,,,,,
,,,,,12,688,3.1049392223358154,1.3126848936080933,0.11447269469499588,0.6099454164505005,42.74688720703125
2.8073158264160156,1.4020720720291138,0.07276903837919235,0.5206993222236633,54.0,13,689,,,,,
3.3000082969665527,1.4253771305084229,0.12337728589773178,0.6288724541664124,46.125,13,694,,,,,
3.1364152431488037,1.2740808725357056,0.10590475797653198,0.6664053201675415,45.875,13,699,,,,,
3.367218494415283,1.5374890565872192,0.10504361242055893,0.6522557139396667,31.625,13,704,,,,,
3.5143184661865234,1.293744444847107,0.17150157690048218,0.6815330982208252,43.25,13,709,,,,,
2.844334125518799,1.1912227869033813,0.09539708495140076,0.5880629420280457,39.875,13,714,,,,,
2.509246826171875,1.1643565893173218,0.08101149648427963,0.46991631388664246,44.125,13,719,,,,,
3.0517587661743164,1.2025728225708008,0.11897921562194824,0.6271449327468872,35.75,13,724,,,,,
2.6633543968200684,1.2852023839950562,0.07729256898164749,0.49584466218948364,32.5,13,729,,,,,
3.085440158843994,1.2939695119857788,0.10349015891551971,0.6370099782943726,40.375,13,734,,,,,
1.56597101688385,1.2123374938964844,0.02404576726257801,0.11670232564210892,273.0,13,739,,,,,
,,,,,13,741,3.1054391860961914,1.3061450719833374,0.11515770852565765,0.6117529273033142,41.19709396362305
2.8134374618530273,1.2497035264968872,0.09545891731977463,0.5432196259498596,45.75,14,744,,,,,
3.729191780090332,1.3894662857055664,0.14609597623348236,0.8046227097511292,32.625,14,749,,,,,
3.2615063190460205,1.3470174074172974,0.12050487846136093,0.655982255935669,45.5,14,754,,,,,
3.2963995933532715,1.2769538164138794,0.11981549859046936,0.7101840972900391,34.5,14,759,,,,,
3.2687129974365234,1.292405366897583,0.13018564879894257,0.662689745426178,41.125,14,764,,,,,
3.008211135864258,1.2556155920028687,0.10282943397760391,0.6192242503166199,37.125,14,769,,,,,
2.5120291709899902,1.1200017929077148,0.07065694034099579,0.5193713307380676,41.25,14,774,,,,,
3.122730255126953,1.2605206966400146,0.11349847167730331,0.6473585963249207,45.375,14,779,,,,,
2.89300274848938,1.1511949300765991,0.10456343740224838,0.6094952821731567,27.875,14,784,,,,,
3.005361318588257,1.2577991485595703,0.09450825303792953,0.6375104188919067,32.375,14,789,,,,,
3.1190247535705566,1.3418742418289185,0.10554751753807068,0.624706506729126,46.125,14,794,,,,,
,,,,,14,794,3.0776522159576416,1.2949802875518799,0.1103023886680603,0.6155802607536316,43.69294738769531
2.71962833404541,1.1556183099746704,0.08874926716089249,0.5601319074630737,45.0,15,799,,,,,
2.6540627479553223,1.190669298171997,0.08638978749513626,0.5157222151756287,41.5,15,804,,,,,
2.683323860168457,1.143027424812317,0.08702944219112396,0.5525746941566467,41.0,15,809,,,,,
2.822122573852539,1.1060378551483154,0.09668729454278946,0.6163240671157837,43.625,15,814,,,,,
3.271841526031494,1.2538985013961792,0.11080087721347809,0.73196941614151,33.625,15,819,,,,,
2.7660319805145264,1.3489439487457275,0.0804707333445549,0.5073671936988831,47.25,15,824,,,,,
2.986271381378174,1.481144666671753,0.08133944869041443,0.5492147207260132,53.125,15,829,,,,,
2.6419620513916016,1.2912771701812744,0.07098603248596191,0.4978773295879364,34.875,15,834,,,,,
2.880964756011963,1.2541576623916626,0.09404989331960678,0.5782787203788757,47.0,15,839,,,,,
2.667370557785034,1.150730013847351,0.08190418034791946,0.5535598397254944,43.25,15,844,,,,,
,,,,,15,847,2.9652788639068604,1.273230791091919,0.10370903462171555,0.5867516994476318,38.4979248046875
2.576694965362549,1.3276748657226562,0.07117929309606552,0.4465618431568146,38.75,16,849,,,,,
2.7886571884155273,1.337046504020691,0.08783823996782303,0.5062097907066345,53.25,16,854,,,,,
3.0469040870666504,1.3157877922058105,0.0922832190990448,0.6348500847816467,37.375,16,859,,,,,
3.1124000549316406,1.4583314657211304,0.1079762801527977,0.5570935606956482,44.625,16,864,,,,,
2.5608057975769043,1.1985985040664673,0.07225104421377182,0.500476062297821,40.625,16,869,,,,,
2.3627171516418457,1.2130571603775024,0.06969695538282394,0.40058764815330505,61.875,16,874,,,,,
2.896583080291748,1.2480766773223877,0.10912936180830002,0.551429808139801,35.5,16,879,,,,,
3.3118600845336914,1.3629158735275269,0.11390645056962967,0.689706027507782,42.625,16,884,,,,,
3.2423524856567383,1.392865777015686,0.12147555500268936,0.621054470539093,53.375,16,889,,,,,
2.745206356048584,1.2053077220916748,0.09206177294254303,0.5397949814796448,49.125,16,894,,,,,
3.0254364013671875,1.2652723789215088,0.10226075351238251,0.6244300603866577,42.0,16,899,,,,,
,,,,,16,900,2.9857840538024902,1.2824175357818604,0.10527438670396805,0.5884972810745239,35.5020751953125
2.9701051712036133,1.2427319288253784,0.09622380137443542,0.6231271028518677,36.125,17,904,,,,,
1.669985294342041,1.1847879886627197,0.03328229859471321,0.15939292311668396,268.375,17,909,,,,,
3.19545578956604,1.2194833755493164,0.11325110495090485,0.7048584222793579,41.625,17,914,,,,,
2.810943603515625,1.2885990142822266,0.08654600381851196,0.5448072552680969,38.25,17,919,,,,,
2.9224905967712402,1.249014973640442,0.0955837294459343,0.5977785587310791,37.0,17,924,,,,,
3.056746244430542,1.2452614307403564,0.11960513889789581,0.6067295670509338,34.0,17,929,,,,,
2.8261117935180664,1.1903622150421143,0.09647142887115479,0.5766962766647339,41.125,17,934,,,,,
3.204524517059326,1.2306363582611084,0.12590758502483368,0.6721750497817993,38.125,17,939,,,,,
3.373002529144287,1.3110003471374512,0.13673844933509827,0.6891549825668335,33.625,17,944,,,,,
2.8602771759033203,1.3338372707366943,0.08627062290906906,0.5475433468818665,34.875,17,949,,,,,
,,,,,17,953,3.0048439502716064,1.272564172744751,0.1076074168086052,0.5971212983131409,36.80290603637695
3.59268856048584,1.2415990829467773,0.15462441742420197,0.7889837622642517,22.875,18,954,,,,,
3.1013379096984863,1.2876211404800415,0.10813241451978683,0.6365273594856262,35.875,18,959,,,,,
2.831124782562256,1.208666443824768,0.09742813557386398,0.5676587820053101,46.25,18,964,,,,,
3.134578227996826,1.3018230199813843,0.10776475071907043,0.6469658017158508,35.375,18,969,,,,,
3.09540057182312,1.3634835481643677,0.0930745005607605,0.6332722902297974,44.75,18,974,,,,,
2.8585381507873535,1.1958507299423218,0.09479638934135437,0.5943527221679688,39.625,18,979,,,,,
3.079141139984131,1.2281136512756348,0.11474507302045822,0.6386510729789734,35.125,18,984,,,,,
3.3415780067443848,1.5500283241271973,0.12599395215511322,0.5807899236679077,46.125,18,989,,,,,
2.837798595428467,1.2822524309158325,0.08621340245008469,0.5622395873069763,49.375,18,994,,,,,
2.8884143829345703,1.2979503870010376,0.09000281244516373,0.5702250003814697,47.125,18,999,,,,,
2.8814773559570312,1.2787885665893555,0.0824190005660057,0.5952968001365662,39.625,18,1004,,,,,
,,,,,18,1006,2.951719284057617,1.2738038301467896,0.10286647081375122,0.581791341304779,40.149375915527344
2.600975513458252,1.0233242511749268,0.08612018823623657,0.5735251307487488,34.5,19,1009,,,,,
3.5802152156829834,1.3830870389938354,0.14607316255569458,0.7333811521530151,46.75,19,1014,,,,,
2.8865246772766113,1.2895961999893188,0.08647685497999191,0.5822721719741821,42.5,19,1019,,,,,
3.1511945724487305,1.138177514076233,0.1276583969593048,0.687362551689148,25.125,19,1024,,,,,
2.403867721557617,1.1669633388519287,0.06907983124256134,0.4457526206970215,39.5,19,1029,,,,,
3.2723522186279297,1.4803436994552612,0.12970766425132751,0.571735143661499,43.625,19,1034,,,,,
2.8474347591400146,1.1322665214538574,0.10400579124689102,0.5975696444511414,43.875,19,1039,,,,,
2.7236838340759277,1.1802592277526855,0.081392303109169,0.5682315230369568,35.375,19,1044,,,,,
2.4755475521087646,1.108721375465393,0.07391615957021713,0.4986226260662079,33.25,19,1049,,,,,
3.2245922088623047,1.2566986083984375,0.1250845491886139,0.6712353825569153,33.75,19,1054,,,,,
2.9655508995056152,1.508986234664917,0.08902345597743988,0.5057236552238464,47.625,19,1059,,,,,
,,,,,19,1059,2.9422314167022705,1.2498785257339478,0.1042468249797821,0.5855590105056763,42.336097717285156
2.82230806350708,1.1019357442855835,0.09736078232526779,0.6167842149734497,36.25,20,1064,,,,,
2.7401700019836426,1.2057276964187622,0.08870680630207062,0.5454541444778442,37.875,20,1069,,,,,
2.862518310546875,1.1030585765838623,0.10144299268722534,0.6261224150657654,28.25,20,1074,,,,,
2.849660873413086,1.3299232721328735,0.08140502870082855,0.5563562512397766,37.625,20,1079,,,,,
3.051957607269287,1.3344366550445557,0.10279767215251923,0.6017662882804871,36.5,20,1084,,,,,
3.1792807579040527,1.0568486452102661,0.13949237763881683,0.7124850749969482,31.75,20,1089,,,,,
2.977889060974121,1.295412540435791,0.09857004135847092,0.5948131680488586,43.125,20,1094,,,,,
2.6861062049865723,1.311545729637146,0.07519537210464478,0.4992918372154236,45.0,20,1099,,,,,
2.9245481491088867,1.1110312938690186,0.12578286230564117,0.5923012495040894,31.375,20,1104,,,,,
3.463250160217285,1.2029650211334229,0.16159901022911072,0.7261450290679932,39.625,20,1109,,,,,
,,,,,20,1112,2.951841354370117,1.2537102699279785,0.10392827540636063,0.5892447829246521,42.46680450439453
3.5491514205932617,1.2187917232513428,0.15389543771743774,0.7804412841796875,31.625,21,1114,,,,,
2.792682647705078,1.3334219455718994,0.08476249128580093,0.5177242159843445,48.25,21,1119,,,,,
2.6955490112304688,1.238766074180603,0.0845431387424469,0.5170336365699768,30.875,21,1124,,,,,
2.2885124683380127,1.1100250482559204,0.06306716054677963,0.4315757751464844,41.125,21,1129,,,,,
3.030914783477783,1.3766659498214722,0.09207227826118469,0.5969437956809998,42.0,21,1134,,,,,
2.640073776245117,1.2181826829910278,0.08267350494861603,0.5042617917060852,47.75,21,1139,,,,,
2.6701340675354004,1.183589220046997,0.09430508315563202,0.507509708404541,51.5,21,1144,,,,,
2.675475597381592,1.275080919265747,0.07651614397764206,0.508906900882721,38.875,21,1149,,,,,
2.8546175956726074,1.2940281629562378,0.09213509410619736,0.5499569773674011,45.875,21,1154,,,,,
2.7490081787109375,1.2257115840911865,0.08422040939331055,0.5510972142219543,60.875,21,1159,,,,,
2.984579563140869,1.2133986949920654,0.10651461035013199,0.6193040013313293,31.875,21,1164,,,,,
,,,,,21,1165,2.9862914085388184,1.2513437271118164,0.10999860614538193,0.5924773216247559,38.24273681640625
3.286003589630127,1.205124020576477,0.14234279096126556,0.6845828294754028,44.25,22,1169,,,,,
2.4029505252838135,1.1611348390579224,0.06299354135990143,0.4634239375591278,29.625,22,1174,,,,,
2.642577648162842,1.164516806602478,0.0868121087551117,0.5220001339912415,31.5,22,1179,,,,,
2.8089113235473633,1.2164154052734375,0.09750349074602127,0.5524892807006836,40.375,22,1184,,,,,
2.790740966796875,1.2260384559631348,0.08976183831691742,0.5579467415809631,42.25,22,1189,,,,,
2.6026644706726074,1.1117527484893799,0.08389434963464737,0.5357199311256409,45.625,22,1194,,,,,
2.9543731212615967,1.2156661748886108,0.11013109236955643,0.594025731086731,47.75,22,1199,,,,,
3.302396059036255,1.2444359064102173,0.13635575771331787,0.6880906820297241,35.625,22,1204,,,,,
2.6761364936828613,1.284927487373352,0.07518401741981506,0.507644534111023,38.375,22,1209,,,,,
3.0044684410095215,1.1686660051345825,0.1151626780629158,0.6299945712089539,33.375,22,1214,,,,,
,,,,,22,1218,2.9637515544891357,1.259885311126709,0.10554914176464081,0.5880599021911621,36.5394172668457
3.0142178535461426,1.3833142518997192,0.0953952744603157,0.5769636631011963,38.25,23,1219,,,,,
3.1860766410827637,1.301305890083313,0.12739452719688416,0.623898983001709,26.625,23,1224,,,,,
2.8366241455078125,1.1969033479690552,0.10766959190368652,0.5506864786148071,44.75,23,1229,,,,,
2.885006904602051,1.0777605772018433,0.10018560290336609,0.6531591415405273,30.5,23,1234,,,,,
2.6931774616241455,1.1412290334701538,0.09464098513126373,0.5393717288970947,41.0,23,1239,,,,,
2.9872326850891113,1.2156258821487427,0.10593895614147186,0.6209560036659241,42.0,23,1244,,,,,
2.44531512260437,1.1219819784164429,0.0738740786910057,0.47698143124580383,44.75,23,1249,,,,,
3.0476765632629395,1.22723388671875,0.11154257506132126,0.6313650012016296,35.125,23,1254,,,,,
2.6330676078796387,1.2646985054016113,0.07334079593420029,0.5008326172828674,47.5,23,1259,,,,,
2.7502899169921875,1.1072231531143188,0.10129652917385101,0.568291962146759,36.125,23,1264,,,,,
2.4105587005615234,1.1376452445983887,0.07818879932165146,0.44098472595214844,46.5,23,1269,,,,,
,,,,,23,1271,2.96370792388916,1.2508262395858765,0.10666265338659286,0.5897843837738037,39.46680450439453
2.9064290523529053,1.0723176002502441,0.10556335002183914,0.6531473398208618,38.875,24,1274,,,,,
3.297886848449707,1.4099793434143066,0.11001691222190857,0.6689114570617676,50.25,24,1279,,,,,
2.5566976070404053,1.17452073097229,0.08023200929164886,0.49050846695899963,50.625,24,1284,,,,,
2.777329921722412,1.0983784198760986,0.10665066540241241,0.5728490352630615,31.625,24,1289,,,,,
2.6037793159484863,1.2285845279693604,0.08573668450117111,0.4732557237148285,56.125,24,1294,,,,,
2.7622227668762207,1.2198489904403687,0.09489315003156662,0.5339540243148804,45.625,24,1299,,,,,
2.5248329639434814,1.217827558517456,0.0699983686208725,0.47850680351257324,40.25,24,1304,,,,,
2.292844295501709,1.0350170135498047,0.062132902443408966,0.47358131408691406,45.25,24,1309,,,,,
3.112316608428955,1.3074307441711426,0.12122248113155365,0.5993867516517639,45.375,24,1314,,,,,
3.083803415298462,1.3165580034255981,0.11852309107780457,0.5873149633407593,45.5,24,1319,,,,,
3.0575835704803467,1.2568771839141846,0.10463365912437439,0.6387690305709839,38.625,24,1324,,,,,
,,,,,24,1324,2.9674346446990967,1.2439706325531006,0.10829658061265945,0.5909901857376099,41.28008270263672
3.0584464073181152,1.2951359748840332,0.11384768038988113,0.5970360636711121,37.375,25,1329,,,,,
2.7178659439086914,1.1068642139434814,0.08782300353050232,0.5859432816505432,50.875,25,1334,,,,,
2.88155198097229,1.236535906791687,0.1087130680680275,0.5507253408432007,25.875,25,1339,,,,,
2.8254241943359375,1.0526992082595825,0.10753635317087173,0.6175217032432556,34.625,25,1344,,,,,
2.7917115688323975,1.0417170524597168,0.09797251969575882,0.6300659775733948,33.5,25,1349,,,,,
2.506227970123291,1.0710562467575073,0.0835510641336441,0.5087081789970398,50.0,25,1354,,,,,
2.5611720085144043,1.0887476205825806,0.087195985019207,0.5182222723960876,37.625,25,1359,,,,,
2.891744375228882,1.192881464958191,0.10290743410587311,0.5921628475189209,26.25,25,1364,,,,,
2.888108253479004,1.279695749282837,0.09248191118240356,0.573001503944397,35.0,25,1369,,,,,
2.721195936203003,1.1497529745101929,0.08668461441993713,0.5690099596977234,42.875,25,1374,,,,,
,,,,,25,1377,2.927509069442749,1.2401546239852905,0.10405460745096207,0.5835406184196472,41.92946243286133
3.19931960105896,1.147085428237915,0.13768064975738525,0.6819154620170593,39.375,26,1379,,,,,
2.3617804050445557,1.1979782581329346,0.057879868894815445,0.4372013509273529,33.375,26,1384,,,,,
3.0383927822113037,1.2498536109924316,0.12023796886205673,0.5936746597290039,43.0,26,1389,,,,,
2.4498047828674316,1.0129386186599731,0.08587320894002914,0.5037500262260437,33.875,26,1394,,,,,
2.8708062171936035,1.1512418985366821,0.10740251839160919,0.5912758111953735,44.875,26,1399,,,,,
2.7909774780273438,1.0553909540176392,0.09955941140651703,0.618894636631012,33.625,26,1404,,,,,
1.5463346242904663,1.1514033079147339,0.024852316826581955,0.13533484935760498,265.625,26,1409,,,,,
3.511833429336548,1.2628940343856812,0.1533312201499939,0.741141676902771,37.125,26,1414,,,,,
2.773212432861328,1.034037470817566,0.09144871681928635,0.6409657597541809,34.75,26,1419,,,,,
3.0749855041503906,1.2054980993270874,0.11658477783203125,0.6432816982269287,28.625,26,1424,,,,,
2.8325858116149902,1.2187024354934692,0.10130035877227783,0.5536907315254211,38.0,26,1429,,,,,
,,,,,26,1430,2.931581974029541,1.242118239402771,0.10272216796875,0.58792644739151,39.995849609375
3.0918140411376953,1.3675566911697388,0.10039999336004257,0.6111286282539368,34.375,27,1434,,,,,
2.797558307647705,1.1555324792861938,0.09790097177028656,0.5762604475021362,39.5,27,1439,,,,,
2.6310880184173584,1.2127017974853516,0.07418928295373917,0.5237199068069458,42.875,27,1444,,,,,
2.9853355884552,1.266400933265686,0.10596439242362976,0.5945563316345215,30.875,27,1449,,,,,
2.0239250659942627,1.0077213048934937,0.06754615902900696,0.3392365276813507,58.0,27,1454,,,,,
2.9998114109039307,1.177939534187317,0.1090172603726387,0.6383928060531616,32.875,27,1459,,,,,
2.7073049545288086,1.1447798013687134,0.095607228577137,0.542244553565979,43.5,27,1464,,,,,
2.5955119132995605,1.1437722444534302,0.09079902619123459,0.4988722801208496,31.25,27,1469,,,,,
2.912137985229492,1.2750897407531738,0.08646494895219803,0.6023616790771484,31.625,27,1474,,,,,
2.3535447120666504,0.9000675678253174,0.08202120661735535,0.5216855406761169,45.0,27,1479,,,,,
,,,,,27,1483,2.9229555130004883,1.233280897140503,0.10403141379356384,0.5847585201263428,37.71991729736328
2.5685033798217773,0.9805881977081299,0.09031497687101364,0.5681700706481934,31.625,28,1484,,,,,
2.4740281105041504,1.1664092540740967,0.0690058171749115,0.4812949299812317,29.75,28,1489,,,,,
2.775867462158203,1.1692427396774292,0.10001976788043976,0.5532629489898682,34.75,28,1494,,,,,
2.9304981231689453,1.1265689134597778,0.10872139036655426,0.6301612257957458,42.0,28,1499,,,,,
3.008765935897827,1.1936838626861572,0.10786998271942139,0.6378660798072815,44.5,28,1504,,,,,
2.4876415729522705,0.9841232895851135,0.08205489814281464,0.5466219186782837,48.125,28,1509,,,,,
2.569155216217041,1.0032116174697876,0.08744097501039505,0.5643694400787354,40.375,28,1514,,,,,
2.9630603790283203,1.1334857940673828,0.112309031188488,0.6340147852897644,23.25,28,1519,,,,,
2.8614110946655273,1.0994832515716553,0.10312886536121368,0.6231417655944824,32.625,28,1524,,,,,
2.6466073989868164,1.1518757343292236,0.0888323038816452,0.5252851247787476,37.125,28,1529,,,,,
2.5698137283325195,1.1242421865463257,0.07703354209661484,0.5302019715309143,37.75,28,1534,,,,,
,,,,,28,1536,2.919435977935791,1.2371912002563477,0.10405440628528595,0.580985963344574,38.66804885864258
3.2379813194274902,1.2123137712478638,0.12752598524093628,0.6940188407897949,29.375,29,1539,,,,,
2.537801742553711,0.9632672071456909,0.0848691537976265,0.5750943422317505,36.375,29,1544,,,,,
2.8369851112365723,0.996038556098938,0.12602685391902924,0.6054062247276306,34.875,29,1549,,,,,
2.7100958824157715,1.171416163444519,0.08883258700370789,0.5472584366798401,34.875,29,1554,,,,,
2.5915327072143555,1.0787432193756104,0.08670371770858765,0.539635419845581,33.0,29,1559,,,,,
2.6800849437713623,0.9773465394973755,0.09887150675058365,0.604190468788147,34.25,29,1564,,,,,
2.4302468299865723,1.109411597251892,0.07798163592815399,0.4654635488986969,50.75,29,1569,,,,,
2.5635385513305664,1.1037046909332275,0.07501214742660522,0.542386531829834,44.875,29,1574,,,,,
2.5588979721069336,0.960793137550354,0.10244137793779373,0.5429489016532898,35.25,29,1579,,,,,
2.448383331298828,0.9953206777572632,0.08267704397439957,0.5198387503623962,21.625,29,1584,,,,,
2.9041547775268555,1.109802484512329,0.10364224761724472,0.6380705237388611,41.875,29,1589,,,,,
,,,,,29,1589,2.9509565830230713,1.2433223724365234,0.10475458949804306,0.5919302701950073,40.022823333740234
2.5489096641540527,1.0939908027648926,0.07689734548330307,0.5352160930633545,41.0,30,1594,,,,,
2.2303249835968018,0.9904069304466248,0.06536690145730972,0.4565417766571045,39.125,30,1599,,,,,
2.5170509815216064,1.1408779621124268,0.07844898104667664,0.4919640123844147,31.0,30,1604,,,,,
2.3651700019836426,1.121191143989563,0.06572279334068298,0.45768240094184875,33.5,30,1609,,,,,
2.6711955070495605,1.089914321899414,0.09529659152030945,0.5523990988731384,43.25,30,1614,,,,,
3.2027103900909424,1.0768896341323853,0.1381487250328064,0.717538595199585,36.75,30,1619,,,,,
3.0737133026123047,1.1670324802398682,0.1204240620136261,0.6522802114486694,29.125,30,1624,,,,,
2.4322290420532227,1.007172703742981,0.07675936073064804,0.5206297039985657,39.375,30,1629,,,,,
3.044084072113037,1.1334161758422852,0.11777523159980774,0.6608958840370178,25.0,30,1634,,,,,
3.1040749549865723,1.092863917350769,0.13809408247470856,0.6603702902793884,39.25,30,1639,,,,,
,,,,,30,1642,2.9203379154205322,1.2336622476577759,0.10535478591918945,0.5799512267112732,42.42323684692383
2.3825271129608154,1.0435091257095337,0.07113990932703018,0.4916591942310333,46.125,31,1644,,,,,
3.0327987670898438,1.0722999572753906,0.12993104755878448,0.6554218530654907,33.375,31,1649,,,,,
2.76192045211792,1.0967113971710205,0.09458570182323456,0.5961402654647827,33.125,31,1654,,,,,
2.614542245864868,1.024855613708496,0.08312846720218658,0.5870221853256226,38.5,31,1659,,,,,
2.3467495441436768,0.9844706058502197,0.07000717520713806,0.5061215162277222,38.125,31,1664,,,,,
2.378077983856201,0.9442855715751648,0.07796535640954971,0.521982729434967,40.625,31,1669,,,,,
2.7751216888427734,0.9802665710449219,0.11304442584514618,0.614816427230835,32.625,31,1674,,,,,
2.7674758434295654,1.1033766269683838,0.09611109644174576,0.5917718410491943,40.25,31,1679,,,,,
2.5976920127868652,1.1709200143814087,0.07501593977212906,0.5258461236953735,48.375,31,1684,,,,,
2.8415751457214355,0.9931617379188538,0.11392248421907425,0.6394004225730896,38.125,31,1689,,,,,
2.600595474243164,1.0073981285095215,0.08289272338151932,0.5893669128417969,37.5,31,1694,,,,,
,,,,,31,1695,2.951566696166992,1.256162166595459,0.10474655777215958,0.5858360528945923,40.71161651611328
2.345444679260254,0.9552521705627441,0.07040894776582718,0.5190739035606384,42.375,32,1699,,,,,
2.783522844314575,1.1864975690841675,0.08796637505292892,0.5785967111587524,24.5,32,1704,,,,,
2.5821566581726074,0.9371307492256165,0.09224528074264526,0.5918997526168823,32.75,32,1709,,,,,
2.549464464187622,1.180755615234375,0.07461529970169067,0.4978162348270416,49.125,32,1714,,,,,
2.1971967220306396,1.0226112604141235,0.05656449496746063,0.44588151574134827,45.125,32,1719,,,,,
2.566699981689453,0.9050237536430359,0.10648538917303085,0.5646247267723083,37.5,32,1724,,,,,
2.7323074340820312,1.1048139333724976,0.08635148406028748,0.5978680849075317,33.25,32,1729,,,,,
3.0991063117980957,1.1564780473709106,0.10810396075248718,0.7010542750358582,38.0,32,1734,,,,,
2.679177761077881,0.9461861848831177,0.09751538932323456,0.6227072477340698,28.125,32,1739,,,,,
2.547485113143921,1.022770881652832,0.09011680632829666,0.5370650887489319,48.75,32,1744,,,,,
,,,,,32,1748,2.9013853073120117,1.227338194847107,0.10344823449850082,0.5784029960632324,38.07261276245117
2.507798194885254,1.0120967626571655,0.08853238821029663,0.5265198349952698,40.375,33,1749,,,,,
2.7814059257507324,1.2098853588104248,0.09890185296535492,0.5385056138038635,47.5,33,1754,,,,,
3.2475075721740723,1.2675697803497314,0.12964104115962982,0.6658662557601929,32.375,33,1759,,,,,
2.7054426670074463,1.060027837753296,0.09182847291231155,0.5931362509727478,41.875,33,1764,,,,,
2.39774751663208,1.0036725997924805,0.06616077572107315,0.531635582447052,40.875,33,1769,,,,,
2.8007068634033203,0.8534135818481445,0.11207166314125061,0.6934674382209778,35.75,33,1774,,,,,
2.262805938720703,1.031594157218933,0.05925872549414635,0.46745914220809937,39.75,33,1779,,,,,
2.650423526763916,1.0945106744766235,0.09706558287143707,0.5352925658226013,33.625,33,1784,,,,,
2.513383626937866,1.030569314956665,0.0808250829577446,0.5393444299697876,33.125,33,1789,,,,,
2.481746196746826,1.052045464515686,0.08084855228662491,0.5127289295196533,38.375,33,1794,,,,,
2.4506664276123047,1.083394169807434,0.08143814653158188,0.4800408184528351,42.75,33,1799,,,,,
,,,,,33,1801,2.969804048538208,1.2377737760543823,0.11136797070503235,0.5875954031944275,41.60165786743164
3.037261962890625,1.0827937126159668,0.12834309041500092,0.6563763618469238,38.0,34,1804,,,,,
2.9123387336730957,1.0767005681991577,0.1028035506606102,0.6608102917671204,41.125,34,1809,,,,,
2.4718050956726074,1.1204369068145752,0.07699961215257645,0.4831850826740265,42.875,34,1814,,,,,
2.3224761486053467,1.0105088949203491,0.07263641059398651,0.4743925929069519,40.5,34,1819,,,,,
2.9326579570770264,1.0549403429031372,0.11719509214162827,0.6458710432052612,26.125,34,1824,,,,,
3.0656094551086426,1.1771539449691772,0.12637291848659515,0.628295361995697,39.5,34,1829,,,,,
2.9572255611419678,1.1103167533874512,0.1154351755976677,0.63486647605896,37.875,34,1834,,,,,
2.7059030532836914,0.8894368410110474,0.11128254234790802,0.6300266981124878,33.625,34,1839,,,,,
2.7934281826019287,0.9264365434646606,0.11053801327943802,0.6571507453918457,32.5,34,1844,,,,,
2.894446849822998,1.0499250888824463,0.10267645865678787,0.6655697226524353,19.375,34,1849,,,,,
2.4473395347595215,0.9013000130653381,0.09584049880504608,0.5334184765815735,20.0,34,1854,,,,,
,,,,,34,1854,2.911088228225708,1.2456780672073364,0.10195478051900864,0.5778183937072754,33.25726318359375
2.6933765411376953,1.121153712272644,0.07751595228910446,0.5923214554786682,41.25,35,1859,,,,,
2.8175601959228516,0.9561411738395691,0.11838172376155853,0.6347551345825195,36.75,35,1864,,,,,
2.625248432159424,0.9855408668518066,0.08628346025943756,0.6041451692581177,40.25,35,1869,,,,,
2.441041946411133,1.125586748123169,0.08134745806455612,0.4543589651584625,32.625,35,1874,,,,,
2.0903806686401367,0.9241304993629456,0.06492607295513153,0.42080989480018616,24.125,35,1879,,,,,
2.371891975402832,0.871995210647583,0.08247533440589905,0.5437601208686829,34.5,35,1884,,,,,
2.331887722015381,0.934581458568573,0.07972060889005661,0.4993516802787781,42.875,35,1889,,,,,
2.476243257522583,1.1095679998397827,0.07239897549152374,0.5023401975631714,34.75,35,1894,,,,,
2.5176925659179688,0.9846338033676147,0.07959951460361481,0.5675305724143982,38.25,35,1899,,,,,
2.7980575561523438,1.1488585472106934,0.09410911053419113,0.5893266797065735,51.125,35,1904,,,,,
,,,,,35,1907,2.9357359409332275,1.2541062831878662,0.10317939519882202,0.5828665494918823,39.06431579589844
2.455420732498169,1.0527071952819824,0.07450858503580093,0.5150853395462036,38.25,36,1909,,,,,
2.7776241302490234,1.107161283493042,0.09414660930633545,0.5998649597167969,31.375,36,1914,,,,,
2.6576356887817383,1.114640712738037,0.08771645277738571,0.5522063374519348,27.0,36,1919,,,,,
2.6573524475097656,1.0345234870910645,0.08724231272935867,0.5933087468147278,29.625,36,1924,,,,,
2.7297821044921875,0.9739659428596497,0.10505756735801697,0.6152641177177429,34.125,36,1929,,,,,
2.550708770751953,0.9892829060554504,0.08671083301305771,0.5639359354972839,39.125,36,1934,,,,,
2.53035044670105,1.1100622415542603,0.07031326740980148,0.534360945224762,35.0,36,1939,,,,,
2.609529972076416,1.1717509031295776,0.09605338424444199,0.47875601053237915,31.625,36,1944,,,,,
2.7663826942443848,1.1229422092437744,0.09169115126132965,0.592492401599884,28.5,36,1949,,,,,
2.5812525749206543,1.1992645263671875,0.06872416287660599,0.5191835761070251,37.25,36,1954,,,,,
2.725416898727417,1.013318419456482,0.10147375613451004,0.6023648381233215,28.0,36,1959,,,,,
,,,,,36,1960,2.886305093765259,1.2399389743804932,0.10002389550209045,0.5731235146522522,35.38589096069336
3.033588171005249,0.9618323445320129,0.1231013610959053,0.7281244993209839,30.125,37,1964,,,,,
2.3132150173187256,0.9411259293556213,0.08550877869129181,0.4722726345062256,44.125,37,1969,,,,,
3.3032450675964355,1.1749204397201538,0.1439676582813263,0.7042432427406311,31.125,37,1974,,,,,
3.1165714263916016,1.1477564573287964,0.1315990686416626,0.6554097533226013,40.0,37,1979,,,,,
2.3551387786865234,0.987998902797699,0.07470951974391937,0.4967961013317108,40.875,37,1984,,,,,
2.68662691116333,1.0861769914627075,0.09351465106010437,0.5664383769035339,36.75,37,1989,,,,,
2.817718505859375,1.012547254562378,0.11017434298992157,0.6271497011184692,36.5,37,1994,,,,,
3.250105142593384,1.3424451351165771,0.11499171704053879,0.6663507223129272,31.25,37,1999,,,,,
3.0880136489868164,1.1546591520309448,0.12740974128246307,0.6481529474258423,43.0,37,2004,,,,,
2.3252804279327393,1.0184485912322998,0.07185089588165283,0.47378870844841003,44.875,37,2009,,,,,
,,,,,37,2013,2.903730630874634,1.2324044704437256,0.10217263549566269,0.5802313685417175,32.78838348388672
2.7293331623077393,0.9185086488723755,0.11136499792337418,0.6269997358322144,23.375,38,2014,,,,,
3.100759506225586,1.106153964996338,0.12315736711025238,0.6894094347953796,30.625,38,2019,,,,,
3.3494513034820557,1.0422204732894897,0.16238097846508026,0.7476629614830017,24.625,38,2024,,,,,
2.8522167205810547,1.0832951068878174,0.10639031231403351,0.6184850335121155,37.375,38,2029,,,,,
2.814215898513794,1.1691285371780396,0.09201639890670776,0.5925027132034302,36.0,38,2034,,,,,
2.826752185821533,0.9275934100151062,0.10509619861841202,0.6868389248847961,33.125,38,2039,,,,,
2.7741620540618896,0.9737233519554138,0.1075090616941452,0.6314467191696167,39.375,38,2044,,,,,
3.061933755874634,1.1030915975570679,0.13072890043258667,0.6525988578796387,28.375,38,2049,,,,,
3.304804563522339,0.962863564491272,0.14850762486457825,0.799701452255249,21.25,38,2054,,,,,
2.766366481781006,1.17058527469635,0.09086223691701889,0.5707349181175232,30.75,38,2059,,,,,
3.0019032955169678,1.1480607986450195,0.1086757481098175,0.6552318930625916,37.375,38,2064,,,,,
,,,,,38,2066,2.8960344791412354,1.2274905443191528,0.10239829123020172,0.5782763957977295,34.69709396362305
2.3984017372131348,1.0747504234313965,0.07463068515062332,0.47524890303611755,33.625,39,2069,,,,,
2.6728286743164062,0.9871020317077637,0.10546442121267319,0.5792022943496704,36.125,39,2074,,,,,
2.541996479034424,1.0015907287597656,0.09158432483673096,0.5412420630455017,43.875,39,2079,,,,,
2.2342519760131836,0.855044424533844,0.07523795962333679,0.501508891582489,42.25,39,2084,,,,,
2.6906752586364746,0.9533743262290955,0.10500171780586243,0.6061462759971619,35.5,39,2089,,,,,
2.63244891166687,0.9089772701263428,0.0995815172791481,0.6127820014953613,37.5,39,2094,,,,,
2.7192001342773438,1.041742205619812,0.10169576853513718,0.584489643573761,38.5,39,2099,,,,,
2.7477831840515137,1.1067150831222534,0.1084480807185173,0.5494139194488525,34.5,39,2104,,,,,
2.1083059310913086,0.8366973996162415,0.06540380418300629,0.47229477763175964,40.25,39,2109,,,,,
2.384812831878662,1.0341607332229614,0.06898382306098938,0.5028665065765381,29.125,39,2114,,,,,
2.447251796722412,0.9999597668647766,0.0751613900065422,0.5357425212860107,37.5,39,2119,,,,,
,,,,,39,2119,2.9203743934631348,1.2300447225570679,0.1052241250872612,0.5821047425270081,37.263484954833984
2.6610045433044434,0.8939329385757446,0.10429698973894119,0.6227933168411255,38.875,40,2124,,,,,
2.487419605255127,1.0732637643814087,0.08008208125829697,0.5068727135658264,44.75,40,2129,,,,,
2.5223302841186523,0.9667099714279175,0.08783603459596634,0.5582200884819031,43.0,40,2134,,,,,
3.0343017578125,1.1242091655731201,0.0987367108464241,0.7082045674324036,27.375,40,2139,,,,,
3.243999719619751,1.0449748039245605,0.13419458270072937,0.7640259861946106,28.875,40,2144,,,,,
3.020566940307617,0.9894852042198181,0.12523607909679413,0.7024505734443665,29.25,40,2149,,,,,
2.015021562576294,0.8633482456207275,0.05845758691430092,0.42969265580177307,37.125,40,2154,,,,,
2.8375797271728516,0.9657152891159058,0.11434232443571091,0.6500763297080994,36.5,40,2159,,,,,
2.371497392654419,0.9028058052062988,0.08367779850959778,0.5251513123512268,41.375,40,2164,,,,,
2.554516315460205,1.0557491779327393,0.08604048192501068,0.534282386302948,40.375,40,2169,,,,,
,,,,,40,2172,2.9265871047973633,1.2534613609313965,0.10135465860366821,0.5831765532493591,32.67219924926758
2.7216057777404785,1.111071228981018,0.0924978256225586,0.574022650718689,23.5,41,2174,,,,,
2.648122549057007,1.006656289100647,0.08696159720420837,0.6033291220664978,35.25,41,2179,,,,,
2.3034565448760986,0.9065362811088562,0.08112175762653351,0.49565577507019043,29.25,41,2184,,,,,
2.542703866958618,0.8726908564567566,0.10160188376903534,0.5810017585754395,32.625,41,2189,,,,,
2.7109627723693848,1.1016418933868408,0.096617192029953,0.5631174445152283,35.75,41,2194,,,,,
2.721057415008545,1.0720309019088745,0.09085509926080704,0.5973755717277527,35.75,41,2199,,,,,
2.2693214416503906,0.8750685453414917,0.07037325203418732,0.5211933851242065,38.5,41,2204,,,,,
2.551388740539551,0.9469355940818787,0.09063848108053207,0.5756303668022156,37.125,41,2209,,,,,
2.415018320083618,0.9453458786010742,0.07868602871894836,0.5381211638450623,40.875,41,2214,,,,,
2.622387409210205,1.0248101949691772,0.08284341543912888,0.5916800498962402,37.625,41,2219,,,,,
2.6368274688720703,0.9859338402748108,0.10454046726226807,0.5640955567359924,39.5,41,2224,,,,,
,,,,,41,2225,2.885838508605957,1.2378901243209839,0.10008027404546738,0.5737737417221069,36.36307144165039
2.603954315185547,0.9388103485107422,0.10566257685422897,0.5684155821800232,36.75,42,2229,,,,,
2.743631601333618,1.2053338289260864,0.07868632674217224,0.5724330544471741,42.75,42,2234,,,,,
2.9358301162719727,1.0623749494552612,0.1073097288608551,0.6684532165527344,21.25,42,2239,,,,,
2.952228307723999,0.9781233072280884,0.11887253075838089,0.6898711919784546,31.5,42,2244,,,,,
2.884575366973877,0.9292075634002686,0.12597061693668365,0.6627574563026428,31.5,42,2249,,,,,
2.7801599502563477,0.9049901962280273,0.11633393168449402,0.6467499732971191,27.125,42,2254,,,,,
2.624713897705078,0.9538018107414246,0.09246771037578583,0.6042868494987488,30.625,42,2259,,,,,
1.1280163526535034,0.868971049785614,0.01773926056921482,0.08517448604106903,271.0,42,2264,,,,,
2.5758771896362305,0.9318905472755432,0.09971094131469727,0.5727160573005676,27.375,42,2269,,,,,
2.1132407188415527,0.9078643918037415,0.0729108452796936,0.4204111099243164,57.125,42,2274,,,,,
,,,,,42,2278,2.907885789871216,1.2392325401306152,0.10153819620609283,0.5804814100265503,38.32572555541992
2.3197546005249023,0.8780490756034851,0.08329077064990997,0.5126258730888367,37.75,43,2279,,,,,
2.483698844909668,0.9531058669090271,0.0937964990735054,0.5308052897453308,46.75,43,2284,,,,,
2.335789918899536,0.9932385087013245,0.07099193334579468,0.49379587173461914,34.75,43,2289,,,,,
2.3034720420837402,1.0571272373199463,0.07488925009965897,0.4359492361545563,34.375,43,2294,,,,,
2.857224941253662,0.9704739451408386,0.10926338285207748,0.6702170372009277,32.125,43,2299,,,,,
2.5249457359313965,0.9153907299041748,0.08267384022474289,0.5980929732322693,26.375,43,2304,,,,,
2.756183385848999,0.9134764671325684,0.10447736829519272,0.6601600646972656,44.375,43,2309,,,,,
2.2886438369750977,0.8768003582954407,0.0742456465959549,0.520307719707489,42.625,43,2314,,,,,
3.0164408683776855,1.0314750671386719,0.13011161983013153,0.6672038435935974,28.875,43,2319,,,,,
2.651991844177246,0.9150996208190918,0.10880159586668015,0.5964420437812805,31.0,43,2324,,,,,
2.17453932762146,0.9150065779685974,0.06870796531438828,0.4579964876174927,31.25,43,2329,,,,,
,,,,,43,2331,2.910240650177002,1.2235172986984253,0.10357154905796051,0.5844329595565796,34.089210510253906
2.730412721633911,0.8869927525520325,0.10978828370571136,0.6472392678260803,26.875,44,2334,,,,,
1.1907159090042114,0.8651848435401917,0.023000167682766914,0.10526511818170547,267.75,44,2339,,,,,
2.4637703895568848,0.8832447528839111,0.08872560411691666,0.5684487223625183,29.25,44,2344,,,,,
2.5980491638183594,0.9287732839584351,0.10343040525913239,0.5760619044303894,35.375,44,2349,,,,,
2.491633415222168,0.9778614044189453,0.08566376566886902,0.5427265763282776,26.875,44,2354,,,,,
3.0034408569335938,0.9478166699409485,0.12536513805389404,0.7143992781639099,28.375,44,2359,,,,,
2.9711196422576904,1.0421926975250244,0.1264909952878952,0.6482359766960144,35.125,44,2364,,,,,
2.4486756324768066,0.9540524482727051,0.08360077440738678,0.538309633731842,39.875,44,2369,,,,,
2.6958279609680176,0.9306592345237732,0.11114760488271713,0.6047153472900391,32.625,44,2374,,,,,
2.124699592590332,0.9160386323928833,0.06527053564786911,0.4411541521549225,36.375,44,2379,,,,,
2.630225658416748,0.8813581466674805,0.10618985444307327,0.6089590787887573,31.5,44,2384,,,,,
,,,,,44,2384,2.9299659729003906,1.246344804763794,0.1035226434469223,0.5830039381980896,36.13692855834961
2.6282849311828613,1.0177794694900513,0.09108532220125198,0.5775394439697266,32.875,45,2389,,,,,
2.4045379161834717,0.8097121119499207,0.08448534458875656,0.5861995220184326,27.25,45,2394,,,,,
2.499666213989258,1.0450857877731323,0.08093968033790588,0.524941086769104,35.875,45,2399,,,,,
2.352504253387451,0.9107481837272644,0.08318406343460083,0.5129178762435913,37.375,45,2404,,,,,
2.7350497245788574,1.0191439390182495,0.11093474924564362,0.5806159973144531,37.5,45,2409,,,,,
2.880004405975342,1.1136804819107056,0.10184939950704575,0.6285384893417358,36.25,45,2414,,,,,
2.5370941162109375,0.9450669884681702,0.09094592928886414,0.5686487555503845,30.125,45,2419,,,,,
2.484804630279541,0.7483015656471252,0.09980034083127975,0.6187506914138794,30.5,45,2424,,,,,
2.110274076461792,0.7241697311401367,0.07170423865318298,0.513791561126709,35.125,45,2429,,,,,
2.2170047760009766,0.9103443622589111,0.06731980293989182,0.4850306510925293,35.375,45,2434,,,,,
,,,,,45,2437,2.918942451477051,1.2353527545928955,0.10415496677160263,0.581407368183136,36.095436096191406
2.39271879196167,0.8472887277603149,0.08711963891983032,0.5549159646034241,28.25,46,2439,,,,,
2.525602340698242,0.9696780443191528,0.08898832648992538,0.5554913878440857,42.125,46,2444,,,,,
2.1071181297302246,0.9626261591911316,0.053451064974069595,0.4386183023452759,43.0,46,2449,,,,,
2.536302089691162,0.9379212856292725,0.10346002131700516,0.5405402779579163,37.625,46,2454,,,,,
2.2403292655944824,0.8970701098442078,0.07844877243041992,0.47550761699676514,43.25,46,2459,,,,,
2.342738151550293,0.9153130054473877,0.07953200489282608,0.5148825645446777,35.375,46,2464,,,,,
2.1518702507019043,0.8439933657646179,0.06908155232667923,0.4812345504760742,46.25,46,2469,,,,,
2.5176777839660645,0.9336597323417664,0.09616947174072266,0.5515853762626648,40.375,46,2474,,,,,
2.403322458267212,0.9235494136810303,0.077043816447258,0.5472769737243652,35.75,46,2479,,,,,
2.145158052444458,0.8041465282440186,0.06952904164791107,0.49668312072753906,36.625,46,2484,,,,,
2.4966578483581543,0.9340366125106812,0.11006182432174683,0.5061560273170471,35.625,46,2489,,,,,
,,,,,46,2490,2.948868989944458,1.2279846668243408,0.11029452085494995,0.5847057700157166,37.17634963989258
2.2809221744537354,0.837164044380188,0.07484480738639832,0.5347670316696167,36.5,47,2494,,,,,
2.9359381198883057,0.9321185946464539,0.1567276418209076,0.6100906133651733,25.75,47,2499,,,,,
2.70640230178833,1.0429481267929077,0.09095396101474762,0.6043421626091003,35.625,47,2504,,,,,
2.2361674308776855,0.8168089389801025,0.07381179928779602,0.5251497626304626,38.0,47,2509,,,,,
2.3454911708831787,0.92425137758255,0.07725272327661514,0.5174881219863892,33.75,47,2514,,,,,
2.3957479000091553,0.8411125540733337,0.08952789753675461,0.5534979104995728,35.25,47,2519,,,,,
2.5151147842407227,0.8376750946044922,0.09491507709026337,0.6014320850372314,42.25,47,2524,,,,,
2.28585147857666,0.944523811340332,0.08424216508865356,0.46005845069885254,38.875,47,2529,,,,,
2.498814582824707,0.9460446834564209,0.0921739786863327,0.5459500551223755,37.625,47,2534,,,,,
2.409367084503174,0.8944399356842041,0.09701886028051376,0.5149164199829102,44.625,47,2539,,,,,
,,,,,47,2543,2.8876595497131348,1.2470115423202515,0.09841182827949524,0.5742943286895752,33.03112030029297
2.470616579055786,1.0017335414886475,0.07654791325330734,0.5430717468261719,40.5,48,2544,,,,,
2.2285614013671875,0.7140920162200928,0.07736074924468994,0.5638328194618225,26.0,48,2549,,,,,
2.538928985595703,1.055397391319275,0.08273635804653168,0.5349248647689819,38.75,48,2554,,,,,
2.0404088497161865,0.7835235595703125,0.05633246526122093,0.48761147260665894,34.875,48,2559,,,,,
2.35351300239563,0.9811610579490662,0.07366465777158737,0.5020143389701843,39.875,48,2564,,,,,
2.414581060409546,0.9172568321228027,0.08364757150411606,0.5395431518554688,34.375,48,2569,,,,,
2.73744535446167,0.9462966918945312,0.09518951177597046,0.657600462436676,32.625,48,2574,,,,,
2.0893211364746094,0.8085554838180542,0.06530061364173889,0.4771312475204468,33.375,48,2579,,,,,
2.390669107437134,1.0041747093200684,0.08281505852937698,0.48620954155921936,41.625,48,2584,,,,,
2.546645402908325,1.0222554206848145,0.08496377617120743,0.5497855544090271,32.125,48,2589,,,,,
2.3820903301239014,0.9838578104972839,0.07908959686756134,0.5013922452926636,40.875,48,2594,,,,,
,,,,,48,2596,2.9264743328094482,1.2469605207443237,0.10292930901050568,0.5824337601661682,36.0518684387207
2.448693037033081,0.9002763628959656,0.08868741244077682,0.5524898171424866,40.25,49,2599,,,,,
2.28755521774292,0.8557004928588867,0.07244274020195007,0.5348204970359802,32.375,49,2604,,,,,
2.4439330101013184,0.8872023224830627,0.08790504187345505,0.5586027503013611,31.25,49,2609,,,,,
2.543978691101074,1.0185946226119995,0.09201513975858688,0.5326542258262634,35.25,49,2614,,,,,
2.448312759399414,0.9551131725311279,0.08816062659025192,0.526198148727417,34.875,49,2619,,,,,
2.5206785202026367,0.8811599612236023,0.09227658808231354,0.5890677571296692,22.5,49,2624,,,,,
2.3194100856781006,0.908467173576355,0.06956937164068222,0.531548023223877,37.5,49,2629,,,,,
2.9391298294067383,0.9723249077796936,0.11526837199926376,0.6952316164970398,33.75,49,2634,,,,,
2.3776583671569824,0.7702573537826538,0.09018318355083466,0.5782425403594971,39.25,49,2639,,,,,
2.5595927238464355,1.0805716514587402,0.09024526923894882,0.5138973593711853,44.25,49,2644,,,,,
2.9844841957092285,0.919529139995575,0.12405798584222794,0.7223326563835144,32.375,49,2649,,,,,
,,,,,49,2649,2.912444591522217,1.2586913108825684,0.10143963247537613,0.5732775926589966,32.344398498535156
